bid_id,bid_number,item_category,items_count,department,ministry,buyer_name,quantity,bid_value,bid_status,start_date,end_date,bid_link
GEM/2026/B/7559206,GEM/2026/B/7559206,"Catering service (Duration Based) - Veg, Non Veg; Breakfast, Lunch, Dinner, Snack/High Tea Diet as",5,Department of Defence,Ministry of Defence,Department of Defence,500,0.0,Bid Award,2026-05-19T16:14:00,2026-05-23T16:00:00,https://bidplus.gem.gov.in/showbidDocument/9350689
GEM/2026/B/7534893,GEM/2026/B/7534893,Ration Kit,1,Prisons Administration and Reforms Department Uttar Pradesh,,Prisons Administration and Reforms Department Uttar Pradesh,1,0.0,Bid Award,2026-05-13T13:33:00,2026-05-23T16:00:00,https://bidplus.gem.gov.in/showbidDocument/9323666
GEM/2026/B/7485717,GEM/2026/B/7485717,Stationary Valve Regulated Lead Acid Batteries (V3) Conforming To IS 15549,1,Department of Military Affairs,Ministry of Defence,Department of Military Affairs,120,0.0,Bid Award,2026-05-22T14:00:00,2026-05-23T15:00:00,https://bidplus.gem.gov.in/showbidDocument/9269053
GEM/2026/B/7489765,GEM/2026/B/7489765,Stationary Valve Regulated Lead Acid Batteries (V3) Conforming To IS 15549,1,Department of Military Affairs,Ministry of Defence,Department of Military Affairs,38,0.0,Bid Award,2026-05-22T14:00:00,2026-05-23T15:00:00,https://bidplus.gem.gov.in/showbidDocument/9273592
GEM/2026/B/7485949,GEM/2026/B/7485949,Lead Acid Storage Batteries For Motor Vehicles with Light Weight and High Cranking Performance (V2),1,Department of Military Affairs,Ministry of Defence,Department of Military Affairs,32,0.0,Bid Award,2026-05-22T14:00:00,2026-05-23T15:00:00,https://bidplus.gem.gov.in/showbidDocument/9269314
GEM/2026/B/7493915,GEM/2026/B/7493915,Valve Regulated Lead Acid (VRLA) Batteries as per TEC Specification,1,Department of Military Affairs,Ministry of Defence,Department of Military Affairs,10,0.0,Bid Award,2026-05-22T14:00:00,2026-05-23T15:00:00,https://bidplus.gem.gov.in/showbidDocument/9278133
GEM/2026/B/7485924,GEM/2026/B/7485924,Stationary Valve Regulated Lead Acid Batteries (V3) Conforming To IS 15549,1,Department of Military Affairs,Ministry of Defence,Department of Military Affairs,38,0.0,Bid Award,2026-05-22T14:00:00,2026-05-23T15:00:00,https://bidplus.gem.gov.in/showbidDocument/9269287
GEM/2026/B/7535334,GEM/2026/B/7535334,Off - Grid Solar Photovoltaic (PV) Power Plant (V2),1,Department of Panchayati Raj,,Department of Panchayati Raj,1,0.0,Bid Award,2026-05-13T14:37:00,2026-05-23T15:00:00,https://bidplus.gem.gov.in/showbidDocument/9324153
GEM/2026/B/7535122,GEM/2026/B/7535122,LAY SHAFT ASSY (TATRA T-815),1,Department of Military Affairs,Ministry of Defence,Department of Military Affairs,1,0.0,Bid Award,2026-05-13T13:59:00,2026-05-23T14:00:00,https://bidplus.gem.gov.in/showbidDocument/9323923
GEM/2026/B/7534743,GEM/2026/B/7534743,"3120 004922,48870m70a22,2530 017915,2520 70 0468324,4820 72 0000063,4710 72 0531157,4320 004124,336",8,Department of Military Affairs,Ministry of Defence,Department of Military Affairs,25,0.0,Bid Award,2026-05-13T13:12:00,2026-05-23T14:00:00,https://bidplus.gem.gov.in/showbidDocument/9323506
GEM/2026/B/7533654,GEM/2026/B/7533654,"fuel filter,assy cable comp,field coil assy,solenoid switch,hand valve,booster rep kit,hp hose,spee",8,Department of Military Affairs,Ministry of Defence,Department of Military Affairs,21,0.0,Bid Award,2026-05-13T11:26:00,2026-05-23T14:00:00,https://bidplus.gem.gov.in/showbidDocument/9322333
GEM/2026/B/7495732,GEM/2026/B/7495732,"MOBIL OIL 15W 40,GEAR OIL HP 90,GREASE MP,BRAKE OIL DOT 3,BRAKE OIL DOT 4,MOBIL OIL BOLERO MAXIMILE",6,Central Armed Police Forces,Ministry of Home Affairs,Central Armed Police Forces,730,0.0,Bid Award,2026-05-02T12:08:00,2026-05-23T13:00:00,https://bidplus.gem.gov.in/showbidDocument/9280191
GEM/2026/B/7534105,GEM/2026/B/7534105,Handling and Transport on Lumpsum Basis - Safe Loading Carriage and unloading,1,Energy Department Uttar Pradesh,,Energy Department Uttar Pradesh,1,0.0,Bid Award,2026-05-13T12:16:00,2026-05-23T13:00:00,https://bidplus.gem.gov.in/showbidDocument/9322808
GEM/2026/B/7527668,GEM/2026/B/7527668,High mast pole for national flags (V2),1,Rural Development Department Uttar Pradesh,,Rural Development Department Uttar Pradesh,1,0.0,Bid Award,2026-05-13T12:28:00,2026-05-23T13:00:00,https://bidplus.gem.gov.in/showbidDocument/9315824
GEM/2026/B/7527629,GEM/2026/B/7527629,High Mast Lighting Octagonal Tower for Small area with LED Flood Lighting System (V2),1,Rural Development Department Uttar Pradesh,,Rural Development Department Uttar Pradesh,1,0.0,Bid Award,2026-05-13T12:27:00,2026-05-23T13:00:00,https://bidplus.gem.gov.in/showbidDocument/9315781
GEM/2026/B/7562361,GEM/2026/B/7562361,"Catering Service per Packet based - Veg; Breakfast, Lunch, Snacks/High, Tea, Dinner; Buffet(Breakfa",5,Department of Defence,Ministry of Defence,Department of Defence,606,0.0,Bid Award,2026-05-20T11:42:00,2026-05-23T12:00:00,https://bidplus.gem.gov.in/showbidDocument/9354176
GEM/2026/B/7497767,GEM/2026/B/7497767,"Goods Transport Service – Per KM Based Service - Household/Office, Valuable goods requiring High",2,Department of Military Affairs,Ministry of Defence,Department of Military Affairs,21318,0.0,Bid Award,2026-05-22T12:00:00,2026-05-23T12:00:00,https://bidplus.gem.gov.in/showbidDocument/9282485
GEM/2026/B/7534511,GEM/2026/B/7534511,Manpower Outsourcing Services - Minimum wage - Unskilled; High School; Others,1,Department of Revenue,Ministry of Finance,Department of Revenue,1,0.0,Bid Award,2026-05-13T13:03:00,2026-05-23T12:00:00,https://bidplus.gem.gov.in/showbidDocument/9323261
GEM/2026/B/7533523,GEM/2026/B/7533523,Household Refrigerating Appliances as per IS 17550,1,Indian Railways,Ministry of Railways,Indian Railways,1,0.0,Bid Award,2026-05-13T11:20:00,2026-05-23T12:00:00,https://bidplus.gem.gov.in/showbidDocument/9322191
GEM/2026/B/7533327,GEM/2026/B/7533327,Silica Gel Breather,1,Energy Department Uttar Pradesh,,Energy Department Uttar Pradesh,2,0.0,Bid Award,2026-05-13T11:56:00,2026-05-23T12:00:00,https://bidplus.gem.gov.in/showbidDocument/9321975
GEM/2026/B/7524189,GEM/2026/B/7524189,"CLUTCH PLATE,BRAKE CYLINDER,BEARING ROLLER CYLINDRICAL,DRIVEN PLATE FOR CLUTCH,CONNECTING HEAD,RELE",6,Department of Military Affairs,Ministry of Defence,Department of Military Affairs,13,0.0,Bid Award,2026-05-11T11:31:00,2026-05-23T12:00:00,https://bidplus.gem.gov.in/showbidDocument/9311878
GEM/2026/B/7501702,GEM/2026/B/7501702,DRAG SHIFTER,1,Department of Military Affairs,Ministry of Defence,Department of Military Affairs,1,0.0,Bid Award,2026-05-22T11:00:00,2026-05-23T11:01:00,https://bidplus.gem.gov.in/showbidDocument/9287010
GEM/2026/B/7561581,GEM/2026/B/7561581,Repair and Overhauling Service - Window Air Conditioner including Green AC; LG; No; Buyer Premises,1,Central Armed Police Forces,Ministry of Home Affairs,Central Armed Police Forces,1,0.0,Bid Award,2026-05-20T10:11:00,2026-05-23T11:00:00,https://bidplus.gem.gov.in/showbidDocument/9353305
GEM/2026/B/7533337,GEM/2026/B/7533337,Tanker on Agricultural Trailer,1,Urban Development Department Uttar Pradesh,,Urban Development Department Uttar Pradesh,3,0.0,Bid Award,2026-05-13T10:51:00,2026-05-23T11:00:00,https://bidplus.gem.gov.in/showbidDocument/9321986
GEM/2026/B/7512937,GEM/2026/B/7512937,Monthly Basis Cab & Taxi Hiring Services - Sedan; 1500 km x 320 hours; Local 24*7,1,Energy Department Uttar Pradesh,,Energy Department Uttar Pradesh,3,0.0,Bid Award,2026-05-22T10:00:00,2026-05-23T10:14:00,https://bidplus.gem.gov.in/showbidDocument/9299320
GEM/2026/B/7359343,GEM/2026/B/7359343,"4203082407-LIFT ARM FITTED W/ ROD-F, CH & DISCH. RHF",2,Steel Authority of India Limited,Ministry of Steel,Steel Authority of India Limited,2,0.0,Bid Award,2026-05-21T12:00:00,2026-05-23T10:02:00,https://bidplus.gem.gov.in/showbidDocument/9125018
GEM/2026/B/7428733,GEM/2026/B/7428733,"Hiring of Earth Moving Equipments, Material Handling Equipments and Cranes (per Hour basis) - As Pe",2,Department of Military Affairs,Ministry of Defence,Department of Military Affairs,4,0.0,Bid Award,2026-05-22T10:00:00,2026-05-23T10:00:00,https://bidplus.gem.gov.in/showbidDocument/9205491
GEM/2026/B/7520390,GEM/2026/B/7520390,"Shelter Parts for Cook House and Dining Hall,PCC Cement IS 1489,Coarse Sand,20mm Aggregates,40mm Ag",5,Department of Military Affairs,Ministry of Defence,Department of Military Affairs,4315,0.0,Bid Award,2026-05-22T10:00:00,2026-05-23T10:00:00,https://bidplus.gem.gov.in/showbidDocument/9307501
GEM/2026/B/7532984,GEM/2026/B/7532984,Facility Management Services - LumpSum Based - cricket kit pursuse; cricket kit pursuse; Consumable,1,Panchayati Raj Department UttraKhand,,Panchayati Raj Department UttraKhand,1,0.0,Bid Award,2026-05-13T09:54:00,2026-05-23T10:00:00,https://bidplus.gem.gov.in/showbidDocument/9321604
GEM/2026/B/7532890,GEM/2026/B/7532890,Facility Management Services - LumpSum Based - new destbeen pursuse; Collection and disposal of gar,1,Panchayati Raj Department UttraKhand,,Panchayati Raj Department UttraKhand,1,0.0,Bid Award,2026-05-13T09:35:00,2026-05-23T10:00:00,https://bidplus.gem.gov.in/showbidDocument/9321502
GEM/2026/B/7384782,GEM/2026/B/7384782,"Tenofovir 300 mg plus Lamivudine 300 mg plus Dolutegravir 50 mg FDC,Foot drop splint,Lignocaine HCl",3,Department of Military Affairs,Ministry of Defence,Department of Military Affairs,166481,0.0,Bid Award,2026-05-22T09:00:00,2026-05-23T09:40:00,https://bidplus.gem.gov.in/showbidDocument/9155347
GEM/2026/B/7389281,GEM/2026/B/7389281,Dental X - Ray Machine (V2),1,Department of Military Affairs,Ministry of Defence,Department of Military Affairs,1,0.0,Bid Award,2026-05-22T09:00:00,2026-05-23T09:30:00,https://bidplus.gem.gov.in/showbidDocument/9160489
GEM/2026/B/7489348,GEM/2026/B/7489348,Super Structure Supply of Combined Toilet Block CTB 7.32M x 7.10M x 4.40M Height as per CE HQ 4 Cor,1,Department of Military Affairs,Ministry of Defence,Department of Military Affairs,4586,0.0,Bid Award,2026-05-21T22:00:00,2026-05-23T09:15:00,https://bidplus.gem.gov.in/showbidDocument/9273095
GEM/2026/B/7489800,GEM/2026/B/7489800,Super Structure Supply of Fd Toilet Bio CTB 7.32M x 7.10M x 4.40M Height as per CE HQ 4 Corps drawi,1,Department of Military Affairs,Ministry of Defence,Department of Military Affairs,2293,0.0,Bid Award,2026-05-21T23:00:00,2026-05-23T09:00:00,https://bidplus.gem.gov.in/showbidDocument/9273632
GEM/2026/B/7489626,GEM/2026/B/7489626,Super Structure Supply of Combined Toilet Block CTB 7.32M x 7.10M x 4.40M Height as per CE HQ 4 Cor,1,Department of Military Affairs,Ministry of Defence,Department of Military Affairs,2293,0.0,Bid Award,2026-05-21T22:00:00,2026-05-23T09:00:00,https://bidplus.gem.gov.in/showbidDocument/9273417
GEM/2026/B/7561046,GEM/2026/B/7561046,Repair and Overhauling Service - cars; bolero; Yes; Buyer Premises,1,Central Armed Police Forces,Ministry of Home Affairs,Central Armed Police Forces,1,0.0,Bid Award,2026-05-19T20:30:00,2026-05-23T09:00:00,https://bidplus.gem.gov.in/showbidDocument/9352672
GEM/2026/B/7520384,GEM/2026/B/7520384,"PVC Floor Mat Roll,Chiller,Switch Board,Electric Wire 16 mm 270mtr,Dyna Sheet tin sheet",5,Department of Military Affairs,Ministry of Defence,Department of Military Affairs,7,0.0,Bid Award,2026-05-08T19:38:00,2026-05-23T09:00:00,https://bidplus.gem.gov.in/showbidDocument/9307494
GEM/2026/B/7518797,GEM/2026/B/7518797,Facility Management Services - LumpSum Based - Commercial; Installation of IT Equipments; Consumabl,1,Health and Family Welfare Department Kerala,,Health and Family Welfare Department Kerala,1,0.0,Bid Award,2026-05-08T15:40:00,2026-05-23T09:00:00,https://bidplus.gem.gov.in/showbidDocument/9305749
GEM/2026/B/7513284,GEM/2026/B/7513284,"ST Poles 16 Mtr long 410 SP80,ACSR Panther Conductor,GI Channel flat Angle,66 KV Disc insulator 120",4,Power Development Department Jammu and Kashmir,,Power Development Department Jammu and Kashmir,3745,0.0,Bid Award,2026-05-07T22:26:00,2026-05-23T09:00:00,https://bidplus.gem.gov.in/showbidDocument/9299692
GEM/2026/B/7547582,GEM/2026/B/7547582,Facility Management Service - Outcome Based,1,NA,Ministry of Culture,,1498,0.0,Bid Award,2026-05-15T18:55:00,2026-05-22T21:00:00,https://bidplus.gem.gov.in/showbidDocument/9337554
GEM/2026/B/7527679,GEM/2026/B/7527679,Facility Management Services - LumpSum Based - WATER TANKER REPAIR; WATER TANKER REPAIR; Consumable,1,Rural Development Department Uttar Pradesh,,Rural Development Department Uttar Pradesh,1,0.0,Bid Award,2026-05-12T14:26:00,2026-05-22T21:00:00,https://bidplus.gem.gov.in/showbidDocument/9315836
GEM/2026/B/7527596,GEM/2026/B/7527596,High Mast Lighting Octagonal Tower for Small area with LED Flood Lighting System (V2),1,Rural Development Department Uttar Pradesh,,Rural Development Department Uttar Pradesh,1,0.0,Bid Award,2026-05-12T14:35:00,2026-05-22T21:00:00,https://bidplus.gem.gov.in/showbidDocument/9315744
GEM/2026/B/7527592,GEM/2026/B/7527592,High Mast Lighting Octagonal Tower for Small area with LED Flood Lighting System (V2),1,Rural Development Department Uttar Pradesh,,Rural Development Department Uttar Pradesh,1,0.0,Bid Award,2026-05-12T14:35:00,2026-05-22T21:00:00,https://bidplus.gem.gov.in/showbidDocument/9315740
GEM/2026/B/7527569,GEM/2026/B/7527569,High Mast Lighting Octagonal Tower for Small area with LED Flood Lighting System (V2),1,Rural Development Department Uttar Pradesh,,Rural Development Department Uttar Pradesh,1,0.0,Bid Award,2026-05-12T14:34:00,2026-05-22T21:00:00,https://bidplus.gem.gov.in/showbidDocument/9315715
GEM/2026/B/7497804,GEM/2026/B/7497804,"Supply of Superstructure of Large Store Shelter,Supply of Construction Material,Supply of electroni",3,Department of Military Affairs,Ministry of Defence,Department of Military Affairs,6,0.0,Bid Award,2026-05-21T21:00:00,2026-05-22T21:00:00,https://bidplus.gem.gov.in/showbidDocument/9282523
GEM/2026/B/7489476,GEM/2026/B/7489476,Super Structure Supply of Combined Toilet Block CTB 7.32M x 7.10M x 4.40M Height as per CE HQ 4 Cor,1,Department of Military Affairs,Ministry of Defence,Department of Military Affairs,2293,0.0,Bid Award,2026-05-21T21:00:00,2026-05-22T21:00:00,https://bidplus.gem.gov.in/showbidDocument/9273241
GEM/2026/B/7501724,GEM/2026/B/7501724,AUTOMATIC BOOM BARRIER,1,Department of Military Affairs,Ministry of Defence,Department of Military Affairs,1,0.0,Bid Award,2026-05-21T21:00:00,2026-05-22T21:00:00,https://bidplus.gem.gov.in/showbidDocument/9287038
GEM/2026/B/7532604,GEM/2026/B/7532604,Table (Handicraft) (V2),1,Department of Panchayati Raj,,Department of Panchayati Raj,1,0.0,Bid Award,2026-05-12T20:23:00,2026-05-22T21:00:00,https://bidplus.gem.gov.in/showbidDocument/9321186
GEM/2026/B/7532603,GEM/2026/B/7532603,Procurement of Refrigerator 180 ltr,1,Department of Defence,Ministry of Defence,Department of Defence,1,0.0,Bid Award,2026-05-12T20:24:00,2026-05-22T21:00:00,https://bidplus.gem.gov.in/showbidDocument/9321185
GEM/2026/B/7518135,GEM/2026/B/7518135,Cheese,1,Department of Military Affairs,Ministry of Defence,Department of Military Affairs,235,0.0,Bid Award,2026-05-21T20:00:00,2026-05-22T20:00:00,https://bidplus.gem.gov.in/showbidDocument/9305045
GEM/2026/B/7518196,GEM/2026/B/7518196,Cheese,1,Department of Military Affairs,Ministry of Defence,Department of Military Affairs,195,0.0,Bid Award,2026-05-21T20:00:00,2026-05-22T20:00:00,https://bidplus.gem.gov.in/showbidDocument/9305110
GEM/2026/B/7517998,GEM/2026/B/7517998,Cheese,1,Department of Military Affairs,Ministry of Defence,Department of Military Affairs,215,0.0,Bid Award,2026-05-21T20:00:00,2026-05-22T20:00:00,https://bidplus.gem.gov.in/showbidDocument/9304894
GEM/2026/B/7532438,GEM/2026/B/7532438,"Fuel Filter Main,2nd Leaf,Repair Kit,Alternator 12V,Wheel Cylinder Rear",5,Department of Defence,Ministry of Defence,Department of Defence,16,0.0,Bid Award,2026-05-12T19:18:00,2026-05-22T20:00:00,https://bidplus.gem.gov.in/showbidDocument/9320999
GEM/2026/B/7532412,GEM/2026/B/7532412,"Tie Rod End Steering,Shock absorber frt,Cabin Shocker,Sleeve cylinder assy,Injector assy,Elect Inje",6,Department of Defence,Ministry of Defence,Department of Defence,19,0.0,Bid Award,2026-05-12T19:07:00,2026-05-22T20:00:00,https://bidplus.gem.gov.in/showbidDocument/9320970
GEM/2026/B/7522684,GEM/2026/B/7522684,"hydraulic pressure hose,fuel filter element,element filter 30micro,hand primer,stearing pump",5,Department of Military Affairs,Ministry of Defence,Department of Military Affairs,8,0.0,Bid Award,2026-05-09T19:05:00,2026-05-22T20:00:00,https://bidplus.gem.gov.in/showbidDocument/9310083
GEM/2026/B/7514165,GEM/2026/B/7514165,"TROMEL MACHINE GEAR BOX,ROLLER FOR GEAR BOX1 POINT 7 5,ROLLER FOR GEAR BOX1 POINT 5,ROLLER FOR PEND",4,Urban Development Department Uttar Pradesh,,Urban Development Department Uttar Pradesh,31,0.0,Bid Award,2026-05-07T15:51:00,2026-05-22T20:00:00,https://bidplus.gem.gov.in/showbidDocument/9300640
GEM/2026/B/7537573,GEM/2026/B/7537573,Repair and Overhauling Service - Multifunction Machines MFM; 45577; Yes; Buyer Premises,1,Department of Military Affairs,Ministry of Defence,Department of Military Affairs,1,0.0,Bid Award,2026-05-19T18:36:00,2026-05-22T19:00:00,https://bidplus.gem.gov.in/showbidDocument/9326562
GEM/2026/B/7493754,GEM/2026/B/7493754,"Cheese Spread,Cheese Slice,Cheese Cube,Carbonated Soft Drinks,Lime Based Soft Drinks,Mixed Fruit Ju",6,Department of Military Affairs,Ministry of Defence,Department of Military Affairs,2650,0.0,Bid Award,2026-05-21T19:00:00,2026-05-22T19:00:00,https://bidplus.gem.gov.in/showbidDocument/9277960
GEM/2026/B/7532581,GEM/2026/B/7532581,RO Plant with Genset and Trolley,1,Department of Panchayati Raj,,Department of Panchayati Raj,1,0.0,Bid Award,2026-05-12T20:07:00,2026-05-22T21:00:00,https://bidplus.gem.gov.in/showbidDocument/9321157
